{
  "SRS_Document": {
    "Introduction": {
      "Purpose": "The purpose of this document is to define the requirements for a Task Management System that allows users to create, assign, track, and manage tasks efficiently.",
      "Scope": "The system will provide features like user authentication, task creation, assignment, prioritization, status tracking, notifications, and reporting. It will support both web and mobile interfaces.",
      "Definitions_Acronyms_Abbreviations": {
        "SRS": "Software Requirement Specification",
        "API": "Application Programming Interface",
        "UI": "User Interface",
        "DBMS": "Database Management System"
      },
      "References": "IEEE Std 830-1998, Agile Software Development Methodology Documentation",
      "Overview": "This SRS describes the functional, non-functional, and interface requirements for the Task Management System. It will serve as a basis for design, development, and testing."
    },
    "Overall_Description": {
      "Product_Perspective": "The Task Management System is a standalone product that can integrate with email services and calendar APIs for reminders.",
      "Product_Functions": [
        "User authentication and profile management",
        "Create, assign, and edit tasks",
        "Set task priority and deadlines",
        "Track task progress and status",
        "Generate reports and analytics"
      ],
      "User_Characteristics": "Users are expected to have basic computer knowledge. Roles include Admin (manages system and users) and Regular User (manages own tasks).",
      "Constraints": [
        "System must be web-based with mobile support",
        "Database must be PostgreSQL",
        "System must comply with GDPR data protection standards"
      ],
      "Assumptions_and_Dependencies": [
        "Users have a stable internet connection",
        "Integration with third-party services (e.g., Google Calendar) will be available",
        "System will be deployed on cloud infrastructure"
      ]
    },
    "System_Features": [
      {
        "Feature_Name": "User Authentication",
        "Description": "Users must log in using email and password or OAuth (Google, GitHub).",
        "Inputs": "Email, Password",
        "Processing": "Credentials validated against database",
        "Outputs": "Access granted or denied"
      },
      {
        "Feature_Name": "Task Management",
        "Description": "Users can create, edit, assign, and delete tasks.",
        "Inputs": "Task title, description, due date, assignee, priority",
        "Processing": "Task stored and updated in the database",
        "Outputs": "Task details displayed in dashboard"
      },
      {
        "Feature_Name": "Reporting",
        "Description": "Generate reports of completed and pending tasks.",
        "Inputs": "Date range, filters (status, user, priority)",
        "Processing": "System queries database and processes statistics",
        "Outputs": "Report displayed as charts/tables"
      }
    ],
    "External_Interface_Requirements": {
      "User_Interfaces": "Responsive web interface (React) and mobile-friendly views.",
      "Hardware_Interfaces": "Standard client devices (PC, mobile). Server hosted on cloud.",
      "Software_Interfaces": "Integration with PostgreSQL DB, REST APIs, Google Calendar API.",
      "Communication_Interfaces": "HTTPS for client-server communication."
    },
    "Non_Functional_Requirements": {
      "Performance": "System should handle 1000 concurrent users with <2s response time.",
      "Security": "All passwords stored using hashing (bcrypt). JWT tokens for authentication. Data encrypted via TLS.",
      "Reliability": "System uptime should be 99.9%.",
      "Availability": "System should be available 24/7 except scheduled maintenance.",
      "Maintainability": "Codebase must follow modular design principles and be documented.",
      "Scalability": "System should scale horizontally to handle increasing users."
    },
    "Other_Requirements": {
      "Legal": "Must comply with GDPR for data privacy.",
      "Regulatory": "Follow ISO/IEC 27001 standards for information security.",
      "Standards_Compliance": "REST API standards, OWASP security best practices."
    },
    "Appendices": "Glossary of terms, future scope, and additional diagrams."
  }
}
