[
  {
    "id": 1,
    "icon": "introduction-icon",
    "title": "1. Introduction",
    "text": "<p>Overview of the SRS document and its intended audience.</p><ul><li><strong>1.1 Purpose:</strong> Describe the purpose of the SRS and intended readers.</li><li><strong>1.2 Scope:</strong> Outline the product to be developed, its features.</li><li><strong>1.3 Definitions, Acronyms, and Abbreviations:</strong> Define key terms.</li><li><strong>1.4 References:</strong> List referenced documents.</li><li><strong>1.5 Overview:</strong> Describe what the rest of the document contains.</li></ul>"
  },
  {
    "id": 2,
    "icon": "overall-description-icon",
    "title": "2. Overall Description",
    "text": "<p>General description of the product and its environment.</p><ul><li><strong>2.1 Product Perspective:</strong> How this product fits within related systems.</li><li><strong>2.2 Product Functions:</strong> High-level summary of capabilities.</li><li><strong>2.3 User Characteristics:</strong> Expected users and expertise.</li><li><strong>2.4 Constraints:</strong> Hardware, software, regulatory restrictions.</li><li><strong>2.5 Assumptions and Dependencies:</strong> External factors and assumptions.</li></ul>"
  },
  {
    "id": 3,
    "icon": "specific-requirements-icon",
    "title": "3. Specific Requirements",
    "text": "<p>Detailed, precise requirements of the system.</p><ul><li><strong>3.1 Functional Requirements:</strong> Detailed descriptions of each function.</li><li><strong>3.2 External Interface Requirements:</strong> Interaction with other systems and users.</li><li><strong>3.3 Performance Requirements:</strong> Speed, accuracy, throughput.</li><li><strong>3.4 Design Constraints:</strong> Limitations on design.</li><li><strong>3.5 Quality Attributes:</strong> Reliability, security, maintainability.</li></ul>"
  },
  {
    "id": 4,
    "icon": "other-requirements-icon",
    "title": "4. Other Requirements",
    "text": "<p>Additional requirements such as legal, safety, security, or cultural considerations.</p>"
  },
  {
    "id": 5,
    "icon": "functional-requirement-example-icon",
    "title": "Example: Functional Requirement Syntax",
    "text": "<p><strong>3.1.1 Feature Name</strong></p><p><strong>Description:</strong> What this feature does.</p><p><strong>Inputs:</strong> Describe input data.</p><p><strong>Outputs:</strong> Describe output data.</p><p><strong>Preconditions:</strong> Conditions before execution.</p><p><strong>Postconditions:</strong> Conditions after execution.</p>"
  }
]
